class名稱,分類,聊天室,角色介面,使用範例,樣式
animate__lightSpeedInLeft,光速 LightSpeed,✓,✓,"class=""animate__lightSpeedInLeft""",-webkit-animation-name:lightSpeedInLeft; animation-name:lightSpeedInLeft; -webki
animate__lightSpeedInRight,光速 LightSpeed,✓,✓,"class=""animate__lightSpeedInRight""",-webkit-animation-name:lightSpeedInRight; animation-name:lightSpeedInRight; -web
animate__lightSpeedOutLeft,光速 LightSpeed,✓,✓,"class=""animate__lightSpeedOutLeft""",-webkit-animation-name:lightSpeedOutLeft; animation-name:lightSpeedOutLeft; -web
animate__lightSpeedOutRight,光速 LightSpeed,✓,✓,"class=""animate__lightSpeedOutRight""",-webkit-animation-name:lightSpeedOutRight; animation-name:lightSpeedOutRight; -w
animate__backInDown,其他,✓,✓,"class=""animate__backInDown""",-webkit-animation-name:backInDown; animation-name:backInDown
animate__backInLeft,其他,✓,✓,"class=""animate__backInLeft""",-webkit-animation-name:backInLeft; animation-name:backInLeft
animate__backInRight,其他,✓,✓,"class=""animate__backInRight""",-webkit-animation-name:backInRight; animation-name:backInRight
animate__backInUp,其他,✓,✓,"class=""animate__backInUp""",-webkit-animation-name:backInUp; animation-name:backInUp
animate__backOutDown,其他,✓,✓,"class=""animate__backOutDown""",-webkit-animation-name:backOutDown; animation-name:backOutDown
animate__backOutLeft,其他,✓,✓,"class=""animate__backOutLeft""",-webkit-animation-name:backOutLeft; animation-name:backOutLeft
animate__backOutRight,其他,✓,✓,"class=""animate__backOutRight""",-webkit-animation-name:backOutRight; animation-name:backOutRight
animate__backOutUp,其他,✓,✓,"class=""animate__backOutUp""",-webkit-animation-name:backOutUp; animation-name:backOutUp
animate__flash,其他,✓,✓,"class=""animate__flash""",-webkit-animation-name:flash; animation-name:flash
animate__animated,基礎套用 class,✓,✓,"class=""animate__animated""",-webkit-animation-duration:1s; animation-duration:1s; -webkit-animation-duration
animate__bounce,彈跳 Bounce,✓,✓,"class=""animate__bounce""",-webkit-animation-name:bounce; animation-name:bounce; -webkit-transform-origin:c
animate__bounceIn,彈跳 Bounce,✓,✓,"class=""animate__bounceIn""",-webkit-animation-duration:calc(1s * .75); animation-duration:calc(1s * .75); -w
animate__bounceInDown,彈跳 Bounce,✓,✓,"class=""animate__bounceInDown""",-webkit-animation-name:bounceInDown; animation-name:bounceInDown
animate__bounceInLeft,彈跳 Bounce,✓,✓,"class=""animate__bounceInLeft""",-webkit-animation-name:bounceInLeft; animation-name:bounceInLeft
animate__bounceInRight,彈跳 Bounce,✓,✓,"class=""animate__bounceInRight""",-webkit-animation-name:bounceInRight; animation-name:bounceInRight
animate__bounceInUp,彈跳 Bounce,✓,✓,"class=""animate__bounceInUp""",-webkit-animation-name:bounceInUp; animation-name:bounceInUp
animate__bounceOut,彈跳 Bounce,✓,✓,"class=""animate__bounceOut""",-webkit-animation-duration:calc(1s * .75); animation-duration:calc(1s * .75); -w
animate__bounceOutDown,彈跳 Bounce,✓,✓,"class=""animate__bounceOutDown""",-webkit-animation-name:bounceOutDown; animation-name:bounceOutDown
animate__bounceOutLeft,彈跳 Bounce,✓,✓,"class=""animate__bounceOutLeft""",-webkit-animation-name:bounceOutLeft; animation-name:bounceOutLeft
animate__bounceOutRight,彈跳 Bounce,✓,✓,"class=""animate__bounceOutRight""",-webkit-animation-name:bounceOutRight; animation-name:bounceOutRight
animate__bounceOutUp,彈跳 Bounce,✓,✓,"class=""animate__bounceOutUp""",-webkit-animation-name:bounceOutUp; animation-name:bounceOutUp
animate__delay-1s,控制（速度/次數）,✓,✓,"class=""animate__delay-1s""",-webkit-animation-delay:1s; animation-delay:1s; -webkit-animation-delay:var(--an
animate__delay-2s,控制（速度/次數）,✓,✓,"class=""animate__delay-2s""",-webkit-animation-delay:calc(1s * 2); animation-delay:calc(1s * 2); -webkit-anim
animate__delay-3s,控制（速度/次數）,✓,✓,"class=""animate__delay-3s""",-webkit-animation-delay:calc(1s * 3); animation-delay:calc(1s * 3); -webkit-anim
animate__delay-4s,控制（速度/次數）,✓,✓,"class=""animate__delay-4s""",-webkit-animation-delay:calc(1s * 4); animation-delay:calc(1s * 4); -webkit-anim
animate__delay-5s,控制（速度/次數）,✓,✓,"class=""animate__delay-5s""",-webkit-animation-delay:calc(1s * 5); animation-delay:calc(1s * 5); -webkit-anim
animate__fast,控制（速度/次數）,✓,✓,"class=""animate__fast""",-webkit-animation-duration:calc(1s * .8); animation-duration:calc(1s * .8); -web
animate__faster,控制（速度/次數）,✓,✓,"class=""animate__faster""",-webkit-animation-duration:calc(1s / 2); animation-duration:calc(1s / 2); -webki
animate__infinite,控制（速度/次數）,✓,✓,"class=""animate__infinite""",-webkit-animation-iteration-count:infinite; animation-iteration-count:infinite
animate__repeat-1,控制（速度/次數）,✓,✓,"class=""animate__repeat-1""",-webkit-animation-iteration-count:1; animation-iteration-count:1; -webkit-animat
animate__repeat-2,控制（速度/次數）,✓,✓,"class=""animate__repeat-2""",-webkit-animation-iteration-count:calc(1 * 2); animation-iteration-count:calc(1 
animate__repeat-3,控制（速度/次數）,✓,✓,"class=""animate__repeat-3""",-webkit-animation-iteration-count:calc(1 * 3); animation-iteration-count:calc(1 
animate__slow,控制（速度/次數）,✓,✓,"class=""animate__slow""",-webkit-animation-duration:calc(1s * 2); animation-duration:calc(1s * 2); -webki
animate__slower,控制（速度/次數）,✓,✓,"class=""animate__slower""",-webkit-animation-duration:calc(1s * 3); animation-duration:calc(1s * 3); -webki
animate__rotateIn,旋轉 Rotate,✓,✓,"class=""animate__rotateIn""",-webkit-animation-name:rotateIn; animation-name:rotateIn; -webkit-transform-orig
animate__rotateInDownLeft,旋轉 Rotate,✓,✓,"class=""animate__rotateInDownLeft""",-webkit-animation-name:rotateInDownLeft; animation-name:rotateInDownLeft; -webki
animate__rotateInDownRight,旋轉 Rotate,✓,✓,"class=""animate__rotateInDownRight""",-webkit-animation-name:rotateInDownRight; animation-name:rotateInDownRight; -web
animate__rotateInUpLeft,旋轉 Rotate,✓,✓,"class=""animate__rotateInUpLeft""",-webkit-animation-name:rotateInUpLeft; animation-name:rotateInUpLeft; -webkit-tr
animate__rotateInUpRight,旋轉 Rotate,✓,✓,"class=""animate__rotateInUpRight""",-webkit-animation-name:rotateInUpRight; animation-name:rotateInUpRight; -webkit-
animate__rotateOut,旋轉 Rotate,✓,✓,"class=""animate__rotateOut""",-webkit-animation-name:rotateOut; animation-name:rotateOut; -webkit-transform-or
animate__rotateOutDownLeft,旋轉 Rotate,✓,✓,"class=""animate__rotateOutDownLeft""",-webkit-animation-name:rotateOutDownLeft; animation-name:rotateOutDownLeft; -web
animate__rotateOutDownRight,旋轉 Rotate,✓,✓,"class=""animate__rotateOutDownRight""",-webkit-animation-name:rotateOutDownRight; animation-name:rotateOutDownRight; -w
animate__rotateOutUpLeft,旋轉 Rotate,✓,✓,"class=""animate__rotateOutUpLeft""",-webkit-animation-name:rotateOutUpLeft; animation-name:rotateOutUpLeft; -webkit-
animate__rotateOutUpRight,旋轉 Rotate,✓,✓,"class=""animate__rotateOutUpRight""",-webkit-animation-name:rotateOutUpRight; animation-name:rotateOutUpRight; -webki
animate__headShake,注意力動畫 Attention,✓,✓,"class=""animate__headShake""",-webkit-animation-timing-function:ease-in-out; animation-timing-function:ease-in
animate__heartBeat,注意力動畫 Attention,✓,✓,"class=""animate__heartBeat""",-webkit-animation-name:heartBeat; animation-name:heartBeat; -webkit-animation-du
animate__jello,注意力動畫 Attention,✓,✓,"class=""animate__jello""",-webkit-animation-name:jello; animation-name:jello; -webkit-transform-origin:cen
animate__pulse,注意力動畫 Attention,✓,✓,"class=""animate__pulse""",-webkit-animation-name:pulse; animation-name:pulse; -webkit-animation-timing-fun
animate__rubberBand,注意力動畫 Attention,✓,✓,"class=""animate__rubberBand""",-webkit-animation-name:rubberBand; animation-name:rubberBand
animate__shakeX,注意力動畫 Attention,✓,✓,"class=""animate__shakeX""",-webkit-animation-name:shakeX; animation-name:shakeX
animate__shakeY,注意力動畫 Attention,✓,✓,"class=""animate__shakeY""",-webkit-animation-name:shakeY; animation-name:shakeY
animate__swing,注意力動畫 Attention,✓,✓,"class=""animate__swing""",-webkit-transform-origin:top center; transform-origin:top center; -webkit-animat
animate__tada,注意力動畫 Attention,✓,✓,"class=""animate__tada""",-webkit-animation-name:tada; animation-name:tada
animate__wobble,注意力動畫 Attention,✓,✓,"class=""animate__wobble""",-webkit-animation-name:wobble; animation-name:wobble
animate__fadeIn,淡入淡出 Fade,✓,✓,"class=""animate__fadeIn""",-webkit-animation-name:fadeIn; animation-name:fadeIn
animate__fadeInBottomLeft,淡入淡出 Fade,✓,✓,"class=""animate__fadeInBottomLeft""",-webkit-animation-name:fadeInBottomLeft; animation-name:fadeInBottomLeft
animate__fadeInBottomRight,淡入淡出 Fade,✓,✓,"class=""animate__fadeInBottomRight""",-webkit-animation-name:fadeInBottomRight; animation-name:fadeInBottomRight
animate__fadeInDown,淡入淡出 Fade,✓,✓,"class=""animate__fadeInDown""",-webkit-animation-name:fadeInDown; animation-name:fadeInDown
animate__fadeInDownBig,淡入淡出 Fade,✓,✓,"class=""animate__fadeInDownBig""",-webkit-animation-name:fadeInDownBig; animation-name:fadeInDownBig
animate__fadeInLeft,淡入淡出 Fade,✓,✓,"class=""animate__fadeInLeft""",-webkit-animation-name:fadeInLeft; animation-name:fadeInLeft
animate__fadeInLeftBig,淡入淡出 Fade,✓,✓,"class=""animate__fadeInLeftBig""",-webkit-animation-name:fadeInLeftBig; animation-name:fadeInLeftBig
animate__fadeInRight,淡入淡出 Fade,✓,✓,"class=""animate__fadeInRight""",-webkit-animation-name:fadeInRight; animation-name:fadeInRight
animate__fadeInRightBig,淡入淡出 Fade,✓,✓,"class=""animate__fadeInRightBig""",-webkit-animation-name:fadeInRightBig; animation-name:fadeInRightBig
animate__fadeInTopLeft,淡入淡出 Fade,✓,✓,"class=""animate__fadeInTopLeft""",-webkit-animation-name:fadeInTopLeft; animation-name:fadeInTopLeft
animate__fadeInTopRight,淡入淡出 Fade,✓,✓,"class=""animate__fadeInTopRight""",-webkit-animation-name:fadeInTopRight; animation-name:fadeInTopRight
animate__fadeInUp,淡入淡出 Fade,✓,✓,"class=""animate__fadeInUp""",-webkit-animation-name:fadeInUp; animation-name:fadeInUp
animate__fadeInUpBig,淡入淡出 Fade,✓,✓,"class=""animate__fadeInUpBig""",-webkit-animation-name:fadeInUpBig; animation-name:fadeInUpBig
animate__fadeOut,淡入淡出 Fade,✓,✓,"class=""animate__fadeOut""",-webkit-animation-name:fadeOut; animation-name:fadeOut
animate__fadeOutBottomLeft,淡入淡出 Fade,✓,✓,"class=""animate__fadeOutBottomLeft""",-webkit-animation-name:fadeOutBottomLeft; animation-name:fadeOutBottomLeft
animate__fadeOutBottomRight,淡入淡出 Fade,✓,✓,"class=""animate__fadeOutBottomRight""",-webkit-animation-name:fadeOutBottomRight; animation-name:fadeOutBottomRight
animate__fadeOutDown,淡入淡出 Fade,✓,✓,"class=""animate__fadeOutDown""",-webkit-animation-name:fadeOutDown; animation-name:fadeOutDown
animate__fadeOutDownBig,淡入淡出 Fade,✓,✓,"class=""animate__fadeOutDownBig""",-webkit-animation-name:fadeOutDownBig; animation-name:fadeOutDownBig
animate__fadeOutLeft,淡入淡出 Fade,✓,✓,"class=""animate__fadeOutLeft""",-webkit-animation-name:fadeOutLeft; animation-name:fadeOutLeft
animate__fadeOutLeftBig,淡入淡出 Fade,✓,✓,"class=""animate__fadeOutLeftBig""",-webkit-animation-name:fadeOutLeftBig; animation-name:fadeOutLeftBig
animate__fadeOutRight,淡入淡出 Fade,✓,✓,"class=""animate__fadeOutRight""",-webkit-animation-name:fadeOutRight; animation-name:fadeOutRight
animate__fadeOutRightBig,淡入淡出 Fade,✓,✓,"class=""animate__fadeOutRightBig""",-webkit-animation-name:fadeOutRightBig; animation-name:fadeOutRightBig
animate__fadeOutTopLeft,淡入淡出 Fade,✓,✓,"class=""animate__fadeOutTopLeft""",-webkit-animation-name:fadeOutTopLeft; animation-name:fadeOutTopLeft
animate__fadeOutTopRight,淡入淡出 Fade,✓,✓,"class=""animate__fadeOutTopRight""",-webkit-animation-name:fadeOutTopRight; animation-name:fadeOutTopRight
animate__fadeOutUp,淡入淡出 Fade,✓,✓,"class=""animate__fadeOutUp""",-webkit-animation-name:fadeOutUp; animation-name:fadeOutUp
animate__fadeOutUpBig,淡入淡出 Fade,✓,✓,"class=""animate__fadeOutUpBig""",-webkit-animation-name:fadeOutUpBig; animation-name:fadeOutUpBig
animate__slideInDown,滑動 Slide,✓,✓,"class=""animate__slideInDown""",-webkit-animation-name:slideInDown; animation-name:slideInDown
animate__slideInLeft,滑動 Slide,✓,✓,"class=""animate__slideInLeft""",-webkit-animation-name:slideInLeft; animation-name:slideInLeft
animate__slideInRight,滑動 Slide,✓,✓,"class=""animate__slideInRight""",-webkit-animation-name:slideInRight; animation-name:slideInRight
animate__slideInUp,滑動 Slide,✓,✓,"class=""animate__slideInUp""",-webkit-animation-name:slideInUp; animation-name:slideInUp
animate__slideOutDown,滑動 Slide,✓,✓,"class=""animate__slideOutDown""",-webkit-animation-name:slideOutDown; animation-name:slideOutDown
animate__slideOutLeft,滑動 Slide,✓,✓,"class=""animate__slideOutLeft""",-webkit-animation-name:slideOutLeft; animation-name:slideOutLeft
animate__slideOutRight,滑動 Slide,✓,✓,"class=""animate__slideOutRight""",-webkit-animation-name:slideOutRight; animation-name:slideOutRight
animate__slideOutUp,滑動 Slide,✓,✓,"class=""animate__slideOutUp""",-webkit-animation-name:slideOutUp; animation-name:slideOutUp
animate__rollIn,滾動 Roll,✓,✓,"class=""animate__rollIn""",-webkit-animation-name:rollIn; animation-name:rollIn
animate__rollOut,滾動 Roll,✓,✓,"class=""animate__rollOut""",-webkit-animation-name:rollOut; animation-name:rollOut
animate__hinge,特殊進出場,✓,✓,"class=""animate__hinge""",-webkit-animation-duration:calc(1s * 2); animation-duration:calc(1s * 2); -webki
animate__jackInTheBox,特殊進出場,✓,✓,"class=""animate__jackInTheBox""",-webkit-animation-name:jackInTheBox; animation-name:jackInTheBox
animate__zoomIn,縮放 Zoom,✓,✓,"class=""animate__zoomIn""",-webkit-animation-name:zoomIn; animation-name:zoomIn
animate__zoomInDown,縮放 Zoom,✓,✓,"class=""animate__zoomInDown""",-webkit-animation-name:zoomInDown; animation-name:zoomInDown
animate__zoomInLeft,縮放 Zoom,✓,✓,"class=""animate__zoomInLeft""",-webkit-animation-name:zoomInLeft; animation-name:zoomInLeft
animate__zoomInRight,縮放 Zoom,✓,✓,"class=""animate__zoomInRight""",-webkit-animation-name:zoomInRight; animation-name:zoomInRight
animate__zoomInUp,縮放 Zoom,✓,✓,"class=""animate__zoomInUp""",-webkit-animation-name:zoomInUp; animation-name:zoomInUp
animate__zoomOut,縮放 Zoom,✓,✓,"class=""animate__zoomOut""",-webkit-animation-name:zoomOut; animation-name:zoomOut
animate__zoomOutDown,縮放 Zoom,✓,✓,"class=""animate__zoomOutDown""",-webkit-animation-name:zoomOutDown; animation-name:zoomOutDown; -webkit-transfor
animate__zoomOutLeft,縮放 Zoom,✓,✓,"class=""animate__zoomOutLeft""",-webkit-animation-name:zoomOutLeft; animation-name:zoomOutLeft; -webkit-transfor
animate__zoomOutRight,縮放 Zoom,✓,✓,"class=""animate__zoomOutRight""",-webkit-animation-name:zoomOutRight; animation-name:zoomOutRight; -webkit-transf
animate__zoomOutUp,縮放 Zoom,✓,✓,"class=""animate__zoomOutUp""",-webkit-animation-name:zoomOutUp; animation-name:zoomOutUp; -webkit-transform-or
animate__flip,翻轉 Flip,✓,✓,"class=""animate__flip""",-webkit-backface-visibility:visible; backface-visibility:visible; -webkit-animat
animate__flipInX,翻轉 Flip,✓,✓,"class=""animate__flipInX""",-webkit-backface-visibility:visible!important; backface-visibility:visible!impor
animate__flipInY,翻轉 Flip,✓,✓,"class=""animate__flipInY""",-webkit-backface-visibility:visible!important; backface-visibility:visible!impor
animate__flipOutX,翻轉 Flip,✓,✓,"class=""animate__flipOutX""",-webkit-animation-duration:calc(1s * .75); animation-duration:calc(1s * .75); -w
animate__flipOutY,翻轉 Flip,✓,✓,"class=""animate__flipOutY""",-webkit-animation-duration:calc(1s * .75); animation-duration:calc(1s * .75); -w
