class 名稱,分類,樣式（全部值）,使用範例
animate__lightSpeedInLeft,光速 LightSpeed,-webkit-animation-name:lightSpeedInLeft; animation-name:lightSpeedInLeft; -webkit-animation-timing-function:ease-out; animation-timing-function:ease-out,"class=""animate__lightSpeedInLeft"""
animate__lightSpeedInRight,光速 LightSpeed,-webkit-animation-name:lightSpeedInRight; animation-name:lightSpeedInRight; -webkit-animation-timing-function:ease-out; animation-timing-function:ease-out,"class=""animate__lightSpeedInRight"""
animate__lightSpeedOutLeft,光速 LightSpeed,-webkit-animation-name:lightSpeedOutLeft; animation-name:lightSpeedOutLeft; -webkit-animation-timing-function:ease-in; animation-timing-function:ease-in,"class=""animate__lightSpeedOutLeft"""
animate__lightSpeedOutRight,光速 LightSpeed,-webkit-animation-name:lightSpeedOutRight; animation-name:lightSpeedOutRight; -webkit-animation-timing-function:ease-in; animation-timing-function:ease-in,"class=""animate__lightSpeedOutRight"""
animate__backInDown,其他,-webkit-animation-name:backInDown; animation-name:backInDown,"class=""animate__backInDown"""
animate__backInLeft,其他,-webkit-animation-name:backInLeft; animation-name:backInLeft,"class=""animate__backInLeft"""
animate__backInRight,其他,-webkit-animation-name:backInRight; animation-name:backInRight,"class=""animate__backInRight"""
animate__backInUp,其他,-webkit-animation-name:backInUp; animation-name:backInUp,"class=""animate__backInUp"""
animate__backOutDown,其他,-webkit-animation-name:backOutDown; animation-name:backOutDown,"class=""animate__backOutDown"""
animate__backOutLeft,其他,-webkit-animation-name:backOutLeft; animation-name:backOutLeft,"class=""animate__backOutLeft"""
animate__backOutRight,其他,-webkit-animation-name:backOutRight; animation-name:backOutRight,"class=""animate__backOutRight"""
animate__backOutUp,其他,-webkit-animation-name:backOutUp; animation-name:backOutUp,"class=""animate__backOutUp"""
animate__flash,其他,-webkit-animation-name:flash; animation-name:flash,"class=""animate__flash"""
animate__animated,基礎套用 class,-webkit-animation-duration:1s; animation-duration:1s; -webkit-animation-duration:var(--animate-duration); animation-duration:var(--animate-duration); -webkit-animation-fill-mode:both; animation-fill-mode:both | -webkit-animation-duration:1ms!important; animation-duration:1ms!important; -webkit-transition-duration:1ms!important; transition-duration:1ms!important; -webkit-animation-iteration-count:1!important; animation-iteration-count:1!important,"class=""animate__animated"""
animate__bounce,彈跳 Bounce,-webkit-animation-name:bounce; animation-name:bounce; -webkit-transform-origin:center bottom; transform-origin:center bottom,"class=""animate__bounce"""
animate__bounceIn,彈跳 Bounce,-webkit-animation-duration:calc(1s * .75); animation-duration:calc(1s * .75); -webkit-animation-duration:calc(var(--animate-duration) * .75); animation-duration:calc(var(--animate-duration) * .75); -webkit-animation-name:bounceIn; animation-name:bounceIn,"class=""animate__bounceIn"""
animate__bounceInDown,彈跳 Bounce,-webkit-animation-name:bounceInDown; animation-name:bounceInDown,"class=""animate__bounceInDown"""
animate__bounceInLeft,彈跳 Bounce,-webkit-animation-name:bounceInLeft; animation-name:bounceInLeft,"class=""animate__bounceInLeft"""
animate__bounceInRight,彈跳 Bounce,-webkit-animation-name:bounceInRight; animation-name:bounceInRight,"class=""animate__bounceInRight"""
animate__bounceInUp,彈跳 Bounce,-webkit-animation-name:bounceInUp; animation-name:bounceInUp,"class=""animate__bounceInUp"""
animate__bounceOut,彈跳 Bounce,-webkit-animation-duration:calc(1s * .75); animation-duration:calc(1s * .75); -webkit-animation-duration:calc(var(--animate-duration) * .75); animation-duration:calc(var(--animate-duration) * .75); -webkit-animation-name:bounceOut; animation-name:bounceOut,"class=""animate__bounceOut"""
animate__bounceOutDown,彈跳 Bounce,-webkit-animation-name:bounceOutDown; animation-name:bounceOutDown,"class=""animate__bounceOutDown"""
animate__bounceOutLeft,彈跳 Bounce,-webkit-animation-name:bounceOutLeft; animation-name:bounceOutLeft,"class=""animate__bounceOutLeft"""
animate__bounceOutRight,彈跳 Bounce,-webkit-animation-name:bounceOutRight; animation-name:bounceOutRight,"class=""animate__bounceOutRight"""
animate__bounceOutUp,彈跳 Bounce,-webkit-animation-name:bounceOutUp; animation-name:bounceOutUp,"class=""animate__bounceOutUp"""
animate__delay-1s,控制（速度/次數）,-webkit-animation-delay:1s; animation-delay:1s; -webkit-animation-delay:var(--animate-delay); animation-delay:var(--animate-delay),"class=""animate__delay-1s"""
animate__delay-2s,控制（速度/次數）,-webkit-animation-delay:calc(1s * 2); animation-delay:calc(1s * 2); -webkit-animation-delay:calc(var(--animate-delay) * 2); animation-delay:calc(var(--animate-delay) * 2),"class=""animate__delay-2s"""
animate__delay-3s,控制（速度/次數）,-webkit-animation-delay:calc(1s * 3); animation-delay:calc(1s * 3); -webkit-animation-delay:calc(var(--animate-delay) * 3); animation-delay:calc(var(--animate-delay) * 3),"class=""animate__delay-3s"""
animate__delay-4s,控制（速度/次數）,-webkit-animation-delay:calc(1s * 4); animation-delay:calc(1s * 4); -webkit-animation-delay:calc(var(--animate-delay) * 4); animation-delay:calc(var(--animate-delay) * 4),"class=""animate__delay-4s"""
animate__delay-5s,控制（速度/次數）,-webkit-animation-delay:calc(1s * 5); animation-delay:calc(1s * 5); -webkit-animation-delay:calc(var(--animate-delay) * 5); animation-delay:calc(var(--animate-delay) * 5),"class=""animate__delay-5s"""
animate__fast,控制（速度/次數）,-webkit-animation-duration:calc(1s * .8); animation-duration:calc(1s * .8); -webkit-animation-duration:calc(var(--animate-duration) * .8); animation-duration:calc(var(--animate-duration) * .8),"class=""animate__fast"""
animate__faster,控制（速度/次數）,-webkit-animation-duration:calc(1s / 2); animation-duration:calc(1s / 2); -webkit-animation-duration:calc(var(--animate-duration) / 2); animation-duration:calc(var(--animate-duration) / 2),"class=""animate__faster"""
animate__infinite,控制（速度/次數）,-webkit-animation-iteration-count:infinite; animation-iteration-count:infinite,"class=""animate__infinite"""
animate__repeat-1,控制（速度/次數）,-webkit-animation-iteration-count:1; animation-iteration-count:1; -webkit-animation-iteration-count:var(--animate-repeat); animation-iteration-count:var(--animate-repeat),"class=""animate__repeat-1"""
animate__repeat-2,控制（速度/次數）,-webkit-animation-iteration-count:calc(1 * 2); animation-iteration-count:calc(1 * 2); -webkit-animation-iteration-count:calc(var(--animate-repeat) * 2); animation-iteration-count:calc(var(--animate-repeat) * 2),"class=""animate__repeat-2"""
animate__repeat-3,控制（速度/次數）,-webkit-animation-iteration-count:calc(1 * 3); animation-iteration-count:calc(1 * 3); -webkit-animation-iteration-count:calc(var(--animate-repeat) * 3); animation-iteration-count:calc(var(--animate-repeat) * 3),"class=""animate__repeat-3"""
animate__slow,控制（速度/次數）,-webkit-animation-duration:calc(1s * 2); animation-duration:calc(1s * 2); -webkit-animation-duration:calc(var(--animate-duration) * 2); animation-duration:calc(var(--animate-duration) * 2),"class=""animate__slow"""
animate__slower,控制（速度/次數）,-webkit-animation-duration:calc(1s * 3); animation-duration:calc(1s * 3); -webkit-animation-duration:calc(var(--animate-duration) * 3); animation-duration:calc(var(--animate-duration) * 3),"class=""animate__slower"""
animate__rotateIn,旋轉 Rotate,-webkit-animation-name:rotateIn; animation-name:rotateIn; -webkit-transform-origin:center; transform-origin:center,"class=""animate__rotateIn"""
animate__rotateInDownLeft,旋轉 Rotate,-webkit-animation-name:rotateInDownLeft; animation-name:rotateInDownLeft; -webkit-transform-origin:left bottom; transform-origin:left bottom,"class=""animate__rotateInDownLeft"""
animate__rotateInDownRight,旋轉 Rotate,-webkit-animation-name:rotateInDownRight; animation-name:rotateInDownRight; -webkit-transform-origin:right bottom; transform-origin:right bottom,"class=""animate__rotateInDownRight"""
animate__rotateInUpLeft,旋轉 Rotate,-webkit-animation-name:rotateInUpLeft; animation-name:rotateInUpLeft; -webkit-transform-origin:left bottom; transform-origin:left bottom,"class=""animate__rotateInUpLeft"""
animate__rotateInUpRight,旋轉 Rotate,-webkit-animation-name:rotateInUpRight; animation-name:rotateInUpRight; -webkit-transform-origin:right bottom; transform-origin:right bottom,"class=""animate__rotateInUpRight"""
animate__rotateOut,旋轉 Rotate,-webkit-animation-name:rotateOut; animation-name:rotateOut; -webkit-transform-origin:center; transform-origin:center,"class=""animate__rotateOut"""
animate__rotateOutDownLeft,旋轉 Rotate,-webkit-animation-name:rotateOutDownLeft; animation-name:rotateOutDownLeft; -webkit-transform-origin:left bottom; transform-origin:left bottom,"class=""animate__rotateOutDownLeft"""
animate__rotateOutDownRight,旋轉 Rotate,-webkit-animation-name:rotateOutDownRight; animation-name:rotateOutDownRight; -webkit-transform-origin:right bottom; transform-origin:right bottom,"class=""animate__rotateOutDownRight"""
animate__rotateOutUpLeft,旋轉 Rotate,-webkit-animation-name:rotateOutUpLeft; animation-name:rotateOutUpLeft; -webkit-transform-origin:left bottom; transform-origin:left bottom,"class=""animate__rotateOutUpLeft"""
animate__rotateOutUpRight,旋轉 Rotate,-webkit-animation-name:rotateOutUpRight; animation-name:rotateOutUpRight; -webkit-transform-origin:right bottom; transform-origin:right bottom,"class=""animate__rotateOutUpRight"""
animate__headShake,注意力動畫 Attention,-webkit-animation-timing-function:ease-in-out; animation-timing-function:ease-in-out; -webkit-animation-name:headShake; animation-name:headShake,"class=""animate__headShake"""
animate__heartBeat,注意力動畫 Attention,-webkit-animation-name:heartBeat; animation-name:heartBeat; -webkit-animation-duration:calc(1s * 1.3); animation-duration:calc(1s * 1.3); -webkit-animation-duration:calc(var(--animate-duration) * 1.3); animation-duration:calc(var(--animate-duration) * 1.3); -webkit-animation-timing-function:ease-in-,"class=""animate__heartBeat"""
animate__jello,注意力動畫 Attention,-webkit-animation-name:jello; animation-name:jello; -webkit-transform-origin:center; transform-origin:center,"class=""animate__jello"""
animate__pulse,注意力動畫 Attention,-webkit-animation-name:pulse; animation-name:pulse; -webkit-animation-timing-function:ease-in-out; animation-timing-function:ease-in-out,"class=""animate__pulse"""
animate__rubberBand,注意力動畫 Attention,-webkit-animation-name:rubberBand; animation-name:rubberBand,"class=""animate__rubberBand"""
animate__shakeX,注意力動畫 Attention,-webkit-animation-name:shakeX; animation-name:shakeX,"class=""animate__shakeX"""
animate__shakeY,注意力動畫 Attention,-webkit-animation-name:shakeY; animation-name:shakeY,"class=""animate__shakeY"""
animate__swing,注意力動畫 Attention,-webkit-transform-origin:top center; transform-origin:top center; -webkit-animation-name:swing; animation-name:swing,"class=""animate__swing"""
animate__tada,注意力動畫 Attention,-webkit-animation-name:tada; animation-name:tada,"class=""animate__tada"""
animate__wobble,注意力動畫 Attention,-webkit-animation-name:wobble; animation-name:wobble,"class=""animate__wobble"""
animate__fadeIn,淡入淡出 Fade,-webkit-animation-name:fadeIn; animation-name:fadeIn,"class=""animate__fadeIn"""
animate__fadeInBottomLeft,淡入淡出 Fade,-webkit-animation-name:fadeInBottomLeft; animation-name:fadeInBottomLeft,"class=""animate__fadeInBottomLeft"""
animate__fadeInBottomRight,淡入淡出 Fade,-webkit-animation-name:fadeInBottomRight; animation-name:fadeInBottomRight,"class=""animate__fadeInBottomRight"""
animate__fadeInDown,淡入淡出 Fade,-webkit-animation-name:fadeInDown; animation-name:fadeInDown,"class=""animate__fadeInDown"""
animate__fadeInDownBig,淡入淡出 Fade,-webkit-animation-name:fadeInDownBig; animation-name:fadeInDownBig,"class=""animate__fadeInDownBig"""
animate__fadeInLeft,淡入淡出 Fade,-webkit-animation-name:fadeInLeft; animation-name:fadeInLeft,"class=""animate__fadeInLeft"""
animate__fadeInLeftBig,淡入淡出 Fade,-webkit-animation-name:fadeInLeftBig; animation-name:fadeInLeftBig,"class=""animate__fadeInLeftBig"""
animate__fadeInRight,淡入淡出 Fade,-webkit-animation-name:fadeInRight; animation-name:fadeInRight,"class=""animate__fadeInRight"""
animate__fadeInRightBig,淡入淡出 Fade,-webkit-animation-name:fadeInRightBig; animation-name:fadeInRightBig,"class=""animate__fadeInRightBig"""
animate__fadeInTopLeft,淡入淡出 Fade,-webkit-animation-name:fadeInTopLeft; animation-name:fadeInTopLeft,"class=""animate__fadeInTopLeft"""
animate__fadeInTopRight,淡入淡出 Fade,-webkit-animation-name:fadeInTopRight; animation-name:fadeInTopRight,"class=""animate__fadeInTopRight"""
animate__fadeInUp,淡入淡出 Fade,-webkit-animation-name:fadeInUp; animation-name:fadeInUp,"class=""animate__fadeInUp"""
animate__fadeInUpBig,淡入淡出 Fade,-webkit-animation-name:fadeInUpBig; animation-name:fadeInUpBig,"class=""animate__fadeInUpBig"""
animate__fadeOut,淡入淡出 Fade,-webkit-animation-name:fadeOut; animation-name:fadeOut,"class=""animate__fadeOut"""
animate__fadeOutBottomLeft,淡入淡出 Fade,-webkit-animation-name:fadeOutBottomLeft; animation-name:fadeOutBottomLeft,"class=""animate__fadeOutBottomLeft"""
animate__fadeOutBottomRight,淡入淡出 Fade,-webkit-animation-name:fadeOutBottomRight; animation-name:fadeOutBottomRight,"class=""animate__fadeOutBottomRight"""
animate__fadeOutDown,淡入淡出 Fade,-webkit-animation-name:fadeOutDown; animation-name:fadeOutDown,"class=""animate__fadeOutDown"""
animate__fadeOutDownBig,淡入淡出 Fade,-webkit-animation-name:fadeOutDownBig; animation-name:fadeOutDownBig,"class=""animate__fadeOutDownBig"""
animate__fadeOutLeft,淡入淡出 Fade,-webkit-animation-name:fadeOutLeft; animation-name:fadeOutLeft,"class=""animate__fadeOutLeft"""
animate__fadeOutLeftBig,淡入淡出 Fade,-webkit-animation-name:fadeOutLeftBig; animation-name:fadeOutLeftBig,"class=""animate__fadeOutLeftBig"""
animate__fadeOutRight,淡入淡出 Fade,-webkit-animation-name:fadeOutRight; animation-name:fadeOutRight,"class=""animate__fadeOutRight"""
animate__fadeOutRightBig,淡入淡出 Fade,-webkit-animation-name:fadeOutRightBig; animation-name:fadeOutRightBig,"class=""animate__fadeOutRightBig"""
animate__fadeOutTopLeft,淡入淡出 Fade,-webkit-animation-name:fadeOutTopLeft; animation-name:fadeOutTopLeft,"class=""animate__fadeOutTopLeft"""
animate__fadeOutTopRight,淡入淡出 Fade,-webkit-animation-name:fadeOutTopRight; animation-name:fadeOutTopRight,"class=""animate__fadeOutTopRight"""
animate__fadeOutUp,淡入淡出 Fade,-webkit-animation-name:fadeOutUp; animation-name:fadeOutUp,"class=""animate__fadeOutUp"""
animate__fadeOutUpBig,淡入淡出 Fade,-webkit-animation-name:fadeOutUpBig; animation-name:fadeOutUpBig,"class=""animate__fadeOutUpBig"""
animate__slideInDown,滑動 Slide,-webkit-animation-name:slideInDown; animation-name:slideInDown,"class=""animate__slideInDown"""
animate__slideInLeft,滑動 Slide,-webkit-animation-name:slideInLeft; animation-name:slideInLeft,"class=""animate__slideInLeft"""
animate__slideInRight,滑動 Slide,-webkit-animation-name:slideInRight; animation-name:slideInRight,"class=""animate__slideInRight"""
animate__slideInUp,滑動 Slide,-webkit-animation-name:slideInUp; animation-name:slideInUp,"class=""animate__slideInUp"""
animate__slideOutDown,滑動 Slide,-webkit-animation-name:slideOutDown; animation-name:slideOutDown,"class=""animate__slideOutDown"""
animate__slideOutLeft,滑動 Slide,-webkit-animation-name:slideOutLeft; animation-name:slideOutLeft,"class=""animate__slideOutLeft"""
animate__slideOutRight,滑動 Slide,-webkit-animation-name:slideOutRight; animation-name:slideOutRight,"class=""animate__slideOutRight"""
animate__slideOutUp,滑動 Slide,-webkit-animation-name:slideOutUp; animation-name:slideOutUp,"class=""animate__slideOutUp"""
animate__rollIn,滾動 Roll,-webkit-animation-name:rollIn; animation-name:rollIn,"class=""animate__rollIn"""
animate__rollOut,滾動 Roll,-webkit-animation-name:rollOut; animation-name:rollOut,"class=""animate__rollOut"""
animate__hinge,特殊進出場,-webkit-animation-duration:calc(1s * 2); animation-duration:calc(1s * 2); -webkit-animation-duration:calc(var(--animate-duration) * 2); animation-duration:calc(var(--animate-duration) * 2); -webkit-animation-name:hinge; animation-name:hinge; -webkit-transform-origin:top left; transform-origin:top le,"class=""animate__hinge"""
animate__jackInTheBox,特殊進出場,-webkit-animation-name:jackInTheBox; animation-name:jackInTheBox,"class=""animate__jackInTheBox"""
animate__zoomIn,縮放 Zoom,-webkit-animation-name:zoomIn; animation-name:zoomIn,"class=""animate__zoomIn"""
animate__zoomInDown,縮放 Zoom,-webkit-animation-name:zoomInDown; animation-name:zoomInDown,"class=""animate__zoomInDown"""
animate__zoomInLeft,縮放 Zoom,-webkit-animation-name:zoomInLeft; animation-name:zoomInLeft,"class=""animate__zoomInLeft"""
animate__zoomInRight,縮放 Zoom,-webkit-animation-name:zoomInRight; animation-name:zoomInRight,"class=""animate__zoomInRight"""
animate__zoomInUp,縮放 Zoom,-webkit-animation-name:zoomInUp; animation-name:zoomInUp,"class=""animate__zoomInUp"""
animate__zoomOut,縮放 Zoom,-webkit-animation-name:zoomOut; animation-name:zoomOut,"class=""animate__zoomOut"""
animate__zoomOutDown,縮放 Zoom,-webkit-animation-name:zoomOutDown; animation-name:zoomOutDown; -webkit-transform-origin:center bottom; transform-origin:center bottom,"class=""animate__zoomOutDown"""
animate__zoomOutLeft,縮放 Zoom,-webkit-animation-name:zoomOutLeft; animation-name:zoomOutLeft; -webkit-transform-origin:left center; transform-origin:left center,"class=""animate__zoomOutLeft"""
animate__zoomOutRight,縮放 Zoom,-webkit-animation-name:zoomOutRight; animation-name:zoomOutRight; -webkit-transform-origin:right center; transform-origin:right center,"class=""animate__zoomOutRight"""
animate__zoomOutUp,縮放 Zoom,-webkit-animation-name:zoomOutUp; animation-name:zoomOutUp; -webkit-transform-origin:center bottom; transform-origin:center bottom,"class=""animate__zoomOutUp"""
animate__flip,翻轉 Flip,-webkit-backface-visibility:visible; backface-visibility:visible; -webkit-animation-name:flip; animation-name:flip,"class=""animate__flip"""
animate__flipInX,翻轉 Flip,-webkit-backface-visibility:visible!important; backface-visibility:visible!important; -webkit-animation-name:flipInX; animation-name:flipInX,"class=""animate__flipInX"""
animate__flipInY,翻轉 Flip,-webkit-backface-visibility:visible!important; backface-visibility:visible!important; -webkit-animation-name:flipInY; animation-name:flipInY,"class=""animate__flipInY"""
animate__flipOutX,翻轉 Flip,-webkit-animation-duration:calc(1s * .75); animation-duration:calc(1s * .75); -webkit-animation-duration:calc(var(--animate-duration) * .75); animation-duration:calc(var(--animate-duration) * .75); -webkit-animation-name:flipOutX; animation-name:flipOutX; -webkit-backface-visibility:visible!importan,"class=""animate__flipOutX"""
animate__flipOutY,翻轉 Flip,-webkit-animation-duration:calc(1s * .75); animation-duration:calc(1s * .75); -webkit-animation-duration:calc(var(--animate-duration) * .75); animation-duration:calc(var(--animate-duration) * .75); -webkit-backface-visibility:visible!important; backface-visibility:visible!important; -webkit-animatio,"class=""animate__flipOutY"""
