來源,變數名稱,值
10128161fe71f379.css, --tw-translate-x,0
10128161fe71f379.css, --tw-translate-y,0
10128161fe71f379.css, --tw-translate-z,0
10128161fe71f379.css, --tw-scale-x,1
10128161fe71f379.css, --tw-scale-y,1
10128161fe71f379.css, --tw-scale-z,1
10128161fe71f379.css, --tw-rotate-x,initial
10128161fe71f379.css, --tw-rotate-y,initial
10128161fe71f379.css, --tw-rotate-z,initial
10128161fe71f379.css, --tw-skew-x,initial
10128161fe71f379.css, --tw-skew-y,initial
10128161fe71f379.css, --tw-pan-x,initial
10128161fe71f379.css, --tw-pan-y,initial
10128161fe71f379.css, --tw-pinch-zoom,initial
10128161fe71f379.css, --tw-scroll-snap-strictness,proximity
10128161fe71f379.css, --tw-space-y-reverse,0
10128161fe71f379.css, --tw-space-x-reverse,0
10128161fe71f379.css, --tw-divide-x-reverse,0
10128161fe71f379.css, --tw-border-style,solid
10128161fe71f379.css, --tw-divide-y-reverse,0
10128161fe71f379.css, --tw-gradient-position,initial
10128161fe71f379.css, --tw-gradient-from,#0000
10128161fe71f379.css, --tw-gradient-via,#0000
10128161fe71f379.css, --tw-gradient-to,#0000
10128161fe71f379.css, --tw-gradient-stops,initial
10128161fe71f379.css, --tw-gradient-via-stops,initial
10128161fe71f379.css, --tw-gradient-from-position,0%
10128161fe71f379.css, --tw-gradient-via-position,50%
10128161fe71f379.css, --tw-gradient-to-position,100%
10128161fe71f379.css, --tw-leading,initial
10128161fe71f379.css, --tw-font-weight,initial
10128161fe71f379.css, --tw-tracking,initial
10128161fe71f379.css, --tw-ordinal,initial
10128161fe71f379.css, --tw-slashed-zero,initial
10128161fe71f379.css, --tw-numeric-figure,initial
10128161fe71f379.css, --tw-numeric-spacing,initial
10128161fe71f379.css, --tw-numeric-fraction,initial
10128161fe71f379.css, --tw-shadow,0 0 #0000
10128161fe71f379.css, --tw-shadow-color,initial
10128161fe71f379.css, --tw-shadow-alpha,100%
10128161fe71f379.css, --tw-inset-shadow,0 0 #0000
10128161fe71f379.css, --tw-inset-shadow-color,initial
10128161fe71f379.css, --tw-inset-shadow-alpha,100%
10128161fe71f379.css, --tw-ring-color,initial
10128161fe71f379.css, --tw-ring-shadow,0 0 #0000
10128161fe71f379.css, --tw-inset-ring-color,initial
10128161fe71f379.css, --tw-inset-ring-shadow,0 0 #0000
10128161fe71f379.css, --tw-ring-inset,initial
10128161fe71f379.css, --tw-ring-offset-width,0px
10128161fe71f379.css, --tw-ring-offset-color,#fff
10128161fe71f379.css, --tw-ring-offset-shadow,0 0 #0000
10128161fe71f379.css, --tw-outline-style,solid
10128161fe71f379.css, --tw-blur,initial
10128161fe71f379.css, --tw-brightness,initial
10128161fe71f379.css, --tw-contrast,initial
10128161fe71f379.css, --tw-grayscale,initial
10128161fe71f379.css, --tw-hue-rotate,initial
10128161fe71f379.css, --tw-invert,initial
10128161fe71f379.css, --tw-opacity,initial
10128161fe71f379.css, --tw-saturate,initial
10128161fe71f379.css, --tw-sepia,initial
10128161fe71f379.css, --tw-drop-shadow,initial
10128161fe71f379.css, --tw-drop-shadow-color,initial
10128161fe71f379.css, --tw-drop-shadow-alpha,100%
10128161fe71f379.css, --tw-drop-shadow-size,initial
10128161fe71f379.css, --tw-backdrop-blur,initial
10128161fe71f379.css, --tw-backdrop-brightness,initial
10128161fe71f379.css, --tw-backdrop-contrast,initial
10128161fe71f379.css, --tw-backdrop-grayscale,initial
10128161fe71f379.css, --tw-backdrop-hue-rotate,initial
10128161fe71f379.css, --tw-backdrop-invert,initial
10128161fe71f379.css, --tw-backdrop-opacity,initial
10128161fe71f379.css, --tw-backdrop-saturate,initial
10128161fe71f379.css, --tw-backdrop-sepia,initial
10128161fe71f379.css, --tw-duration,initial
10128161fe71f379.css, --tw-ease,initial
10128161fe71f379.css, --tw-content,""""""
10128161fe71f379.css, --tw-animation-delay,0s
10128161fe71f379.css, --tw-animation-direction,normal
10128161fe71f379.css, --tw-animation-duration,initial
10128161fe71f379.css, --tw-animation-fill-mode,none
10128161fe71f379.css, --tw-animation-iteration-count,1
10128161fe71f379.css, --tw-enter-blur,0
10128161fe71f379.css, --tw-enter-opacity,1
10128161fe71f379.css, --tw-enter-rotate,0
10128161fe71f379.css, --tw-enter-scale,1
10128161fe71f379.css, --tw-enter-translate-x,0
10128161fe71f379.css, --tw-enter-translate-y,0
10128161fe71f379.css, --tw-exit-blur,0
10128161fe71f379.css, --tw-exit-opacity,1
10128161fe71f379.css, --tw-exit-rotate,0
10128161fe71f379.css, --tw-exit-scale,1
10128161fe71f379.css, --tw-exit-translate-x,0
10128161fe71f379.css, --tw-exit-translate-y,0
10128161fe71f379.css, --font-sans,"ui-sans-serif,system-ui,sans-serif,""Apple Color Emoji"",""Segoe UI Emoji"",""Segoe UI Symbol"",""Noto Color Emoji"""
10128161fe71f379.css, --font-serif,"ui-serif,Georgia,Cambria,""Times New Roman"",Times,serif"
10128161fe71f379.css, --font-mono,"ui-monospace,SFMono-Regular,Menlo,Monaco,Consolas,""Liberation Mono"",""Courier New"",monospace"
10128161fe71f379.css, --color-red-50,oklch(97.1% .013 17.38)
10128161fe71f379.css, --color-red-100,oklch(93.6% .032 17.717)
10128161fe71f379.css, --color-red-200,oklch(88.5% .062 18.334)
10128161fe71f379.css, --color-red-300,oklch(80.8% .114 19.571)
10128161fe71f379.css, --color-red-400,oklch(70.4% .191 22.216)
10128161fe71f379.css, --color-red-500,oklch(63.7% .237 25.331)
10128161fe71f379.css, --color-red-600,oklch(57.7% .245 27.325)
10128161fe71f379.css, --color-red-700,oklch(50.5% .213 27.518)
10128161fe71f379.css, --color-red-800,oklch(44.4% .177 26.899)
10128161fe71f379.css, --color-red-900,oklch(39.6% .141 25.723)
10128161fe71f379.css, --color-red-950,oklch(25.8% .092 26.042)
10128161fe71f379.css, --color-orange-400,oklch(75% .183 55.934)
10128161fe71f379.css, --color-orange-500,oklch(70.5% .213 47.604)
10128161fe71f379.css, --color-orange-600,oklch(64.6% .222 41.116)
10128161fe71f379.css, --color-amber-100,oklch(96.2% .059 95.617)
10128161fe71f379.css, --color-amber-300,oklch(87.9% .169 91.605)
10128161fe71f379.css, --color-amber-400,oklch(82.8% .189 84.429)
10128161fe71f379.css, --color-amber-500,oklch(76.9% .188 70.08)
10128161fe71f379.css, --color-amber-600,oklch(66.6% .179 58.318)
10128161fe71f379.css, --color-amber-800,oklch(47.3% .137 46.201)
10128161fe71f379.css, --color-amber-950,oklch(27.9% .077 45.635)
10128161fe71f379.css, --color-yellow-100,oklch(97.3% .071 103.193)
10128161fe71f379.css, --color-yellow-300,oklch(90.5% .182 98.111)
10128161fe71f379.css, --color-yellow-400,oklch(85.2% .199 91.936)
10128161fe71f379.css, --color-yellow-500,oklch(79.5% .184 86.047)
10128161fe71f379.css, --color-yellow-600,oklch(68.1% .162 75.834)
10128161fe71f379.css, --color-yellow-900,oklch(42.1% .095 57.708)
10128161fe71f379.css, --color-yellow-950,oklch(28.6% .066 53.813)
10128161fe71f379.css, --color-green-100,oklch(96.2% .044 156.743)
10128161fe71f379.css, --color-green-300,oklch(87.1% .15 154.449)
10128161fe71f379.css, --color-green-400,oklch(79.2% .209 151.711)
10128161fe71f379.css, --color-green-500,oklch(72.3% .219 149.579)
10128161fe71f379.css, --color-green-600,oklch(62.7% .194 149.214)
10128161fe71f379.css, --color-green-700,oklch(52.7% .154 150.069)
10128161fe71f379.css, --color-green-800,oklch(44.8% .119 151.328)
10128161fe71f379.css, --color-green-900,oklch(39.3% .095 152.535)
10128161fe71f379.css, --color-green-950,oklch(26.6% .065 152.934)
10128161fe71f379.css, --color-emerald-300,oklch(84.5% .143 164.978)
10128161fe71f379.css, --color-emerald-400,oklch(76.5% .177 163.223)
10128161fe71f379.css, --color-emerald-500,oklch(69.6% .17 162.48)
10128161fe71f379.css, --color-emerald-600,oklch(59.6% .145 163.225)
10128161fe71f379.css, --color-teal-400,oklch(77.7% .152 181.912)
10128161fe71f379.css, --color-teal-500,oklch(70.4% .14 182.503)
10128161fe71f379.css, --color-cyan-400,oklch(78.9% .154 211.53)
10128161fe71f379.css, --color-cyan-500,oklch(71.5% .143 215.221)
10128161fe71f379.css, --color-blue-100,oklch(93.2% .032 255.585)
10128161fe71f379.css, --color-blue-300,oklch(80.9% .105 251.813)
10128161fe71f379.css, --color-blue-400,oklch(70.7% .165 254.624)
10128161fe71f379.css, --color-blue-500,oklch(62.3% .214 259.815)
10128161fe71f379.css, --color-blue-600,oklch(54.6% .245 262.881)
10128161fe71f379.css, --color-blue-700,oklch(48.8% .243 264.376)
10128161fe71f379.css, --color-blue-800,oklch(42.4% .199 265.638)
10128161fe71f379.css, --color-blue-950,oklch(28.2% .091 267.935)
10128161fe71f379.css, --color-indigo-400,oklch(67.3% .182 276.935)
10128161fe71f379.css, --color-indigo-500,oklch(58.5% .233 277.117)
10128161fe71f379.css, --color-purple-300,oklch(82.7% .119 306.383)
10128161fe71f379.css, --color-purple-400,oklch(71.4% .203 305.504)
10128161fe71f379.css, --color-purple-500,oklch(62.7% .265 303.9)
10128161fe71f379.css, --color-purple-600,oklch(55.8% .288 302.321)
10128161fe71f379.css, --color-pink-50,oklch(97.1% .014 343.198)
10128161fe71f379.css, --color-pink-100,oklch(94.8% .028 342.258)
10128161fe71f379.css, --color-pink-200,oklch(89.9% .061 343.231)
10128161fe71f379.css, --color-pink-300,oklch(82.3% .12 346.018)
10128161fe71f379.css, --color-pink-400,oklch(71.8% .202 349.761)
10128161fe71f379.css, --color-pink-500,oklch(65.6% .241 354.308)
10128161fe71f379.css, --color-pink-700,oklch(52.5% .223 3.958)
10128161fe71f379.css, --color-rose-50,oklch(96.9% .015 12.422)
10128161fe71f379.css, --color-rose-100,oklch(94.1% .03 12.58)
10128161fe71f379.css, --color-rose-200,oklch(89.2% .058 10.001)
10128161fe71f379.css, --color-rose-300,oklch(81% .117 11.638)
10128161fe71f379.css, --color-rose-400,oklch(71.2% .194 13.428)
10128161fe71f379.css, --color-rose-500,oklch(64.5% .246 16.439)
10128161fe71f379.css, --color-rose-600,oklch(58.6% .253 17.585)
10128161fe71f379.css, --color-gray-50,oklch(98.5% .002 247.839)
10128161fe71f379.css, --color-gray-100,oklch(96.7% .003 264.542)
10128161fe71f379.css, --color-gray-200,oklch(92.8% .006 264.531)
10128161fe71f379.css, --color-gray-300,oklch(87.2% .01 258.338)
10128161fe71f379.css, --color-gray-400,oklch(70.7% .022 261.325)
10128161fe71f379.css, --color-gray-500,oklch(55.1% .027 264.364)
10128161fe71f379.css, --color-gray-600,oklch(44.6% .03 256.802)
10128161fe71f379.css, --color-gray-700,oklch(37.3% .034 259.733)
10128161fe71f379.css, --color-gray-800,oklch(27.8% .033 256.848)
10128161fe71f379.css, --color-gray-900,oklch(21% .034 264.665)
10128161fe71f379.css, --color-gray-950,oklch(13% .028 261.692)
10128161fe71f379.css, --color-zinc-100,oklch(96.7% .001 286.375)
10128161fe71f379.css, --color-zinc-200,oklch(92% .004 286.32)
10128161fe71f379.css, --color-zinc-300,oklch(87.1% .006 286.286)
10128161fe71f379.css, --color-zinc-400,oklch(70.5% .015 286.067)
10128161fe71f379.css, --color-zinc-500,oklch(55.2% .016 285.938)
10128161fe71f379.css, --color-zinc-700,oklch(37% .013 285.805)
10128161fe71f379.css, --color-zinc-800,oklch(27.4% .006 286.033)
10128161fe71f379.css, --color-zinc-900,oklch(21% .006 285.885)
10128161fe71f379.css, --color-zinc-950,oklch(14.1% .005 285.823)
10128161fe71f379.css, --color-black,#000
10128161fe71f379.css, --color-white,#fff
10128161fe71f379.css, --spacing,.25rem
10128161fe71f379.css, --container-xs,20rem
10128161fe71f379.css, --container-sm,24rem
10128161fe71f379.css, --container-md,28rem
10128161fe71f379.css, --container-lg,32rem
10128161fe71f379.css, --container-xl,36rem
10128161fe71f379.css, --container-2xl,42rem
10128161fe71f379.css, --container-3xl,48rem
10128161fe71f379.css, --container-4xl,56rem
10128161fe71f379.css, --container-7xl,80rem
10128161fe71f379.css, --text-xs,.75rem
10128161fe71f379.css, --text-xs--line-height,calc(1/.75)
10128161fe71f379.css, --text-sm,.875rem
10128161fe71f379.css, --text-sm--line-height,calc(1.25/.875)
10128161fe71f379.css, --text-base,1rem
10128161fe71f379.css, --text-base--line-height,calc(1.5/1)
10128161fe71f379.css, --text-lg,1.125rem
10128161fe71f379.css, --text-lg--line-height,calc(1.75/1.125)
10128161fe71f379.css, --text-xl,1.25rem
10128161fe71f379.css, --text-xl--line-height,calc(1.75/1.25)
10128161fe71f379.css, --text-2xl,1.5rem
10128161fe71f379.css, --text-2xl--line-height,calc(2/1.5)
10128161fe71f379.css, --text-3xl,1.875rem
10128161fe71f379.css, --text-3xl--line-height,calc(2.25/1.875)
10128161fe71f379.css, --text-4xl,2.25rem
10128161fe71f379.css, --text-4xl--line-height,calc(2.5/2.25)
10128161fe71f379.css, --font-weight-light,300
10128161fe71f379.css, --font-weight-normal,400
10128161fe71f379.css, --font-weight-medium,500
10128161fe71f379.css, --font-weight-semibold,600
10128161fe71f379.css, --font-weight-bold,700
10128161fe71f379.css, --font-weight-extrabold,800
10128161fe71f379.css, --font-weight-black,900
10128161fe71f379.css, --tracking-tighter,-.05em
10128161fe71f379.css, --tracking-tight,-.025em
10128161fe71f379.css, --tracking-normal,0em
10128161fe71f379.css, --tracking-wide,.025em
10128161fe71f379.css, --tracking-wider,.05em
10128161fe71f379.css, --tracking-widest,.1em
10128161fe71f379.css, --leading-tight,1.25
10128161fe71f379.css, --leading-snug,1.375
10128161fe71f379.css, --leading-normal,1.5
10128161fe71f379.css, --leading-relaxed,1.625
10128161fe71f379.css, --leading-loose,2
10128161fe71f379.css, --radius-sm,.25rem
10128161fe71f379.css, --radius-md,.375rem
10128161fe71f379.css, --radius-lg,.5rem
10128161fe71f379.css, --radius-xl,.75rem
10128161fe71f379.css, --radius-2xl,1rem
10128161fe71f379.css, --radius-3xl,1.5rem
10128161fe71f379.css, --drop-shadow-lg,0 4px 4px #00000026
10128161fe71f379.css, --drop-shadow-2xl,0 25px 25px #00000026
10128161fe71f379.css, --ease-out,"cubic-bezier(0,0,.2,1)"
10128161fe71f379.css, --ease-in-out,"cubic-bezier(.4,0,.2,1)"
10128161fe71f379.css, --animate-spin,spin 1s linear infinite
10128161fe71f379.css, --animate-pulse,"pulse 2s cubic-bezier(.4,0,.6,1)infinite"
10128161fe71f379.css, --blur-sm,8px
10128161fe71f379.css, --blur-md,12px
10128161fe71f379.css, --blur-lg,16px
10128161fe71f379.css, --blur-xl,24px
10128161fe71f379.css, --aspect-video,16/9
10128161fe71f379.css, --default-transition-duration,.15s
10128161fe71f379.css, --default-transition-timing-function,"cubic-bezier(.4,0,.2,1)"
10128161fe71f379.css, --default-font-family,var(--font-pretendard)
10128161fe71f379.css, --default-mono-font-family,var(--font-mono)
10128161fe71f379.css, --font-pretendard,"""Pretendard Variable"",Pretendard,-apple-system,BlinkMacSystemFont,system-ui,""Roboto"",""Helvetica Neue"",""Segoe UI"",""Apple SD Gothic Neo"",""Noto Sans KR"",""Malgun Gothic"",""Apple Color Emoji"",""Segoe UI Emoj"
10128161fe71f379.css, --font-notoKr,"""Noto Serif KR"""
10128161fe71f379.css, --font-racing,"""Racing Sans One"",system-ui,sans-serif"
10128161fe71f379.css, --font-playfair,"""Playfair Display"",""Noto Serif KR"",Georgia,serif"
10128161fe71f379.css, --font-cormorant,"""Cormorant Garamond"",""Noto Serif KR"",Georgia,serif"
10128161fe71f379.css, --text-heading-medium,24px
10128161fe71f379.css, --aspect-poster,9/14
10128161fe71f379.css, --max-width-content,1920px
10128161fe71f379.css, --color-primary,var(--color-duck-pink2)
10128161fe71f379.css, --color-secondary,var(--color-dgray-800)
10128161fe71f379.css, --color-error,var(--color-red-500)
10128161fe71f379.css, --color-foreground,#fff
10128161fe71f379.css, --color-accent,var(--color-dgray-800)
10128161fe71f379.css, --color-weak-accent,var(--color-dgray-900)
10128161fe71f379.css, --color-background-400,#404040
10128161fe71f379.css, --color-background-500,#333
10128161fe71f379.css, --color-background-700,#262727
10128161fe71f379.css, --color-background-900,#1a1b1b
10128161fe71f379.css, --color-background,#1a1b1b
10128161fe71f379.css, --color-textarea-outline,var(--color-dgray-700)
10128161fe71f379.css, --color-textarea-outline-focus,var(--color-foreground)
10128161fe71f379.css, --color-duck-pink1,#e72563
10128161fe71f379.css, --color-duck-pink2,#bc1e51
10128161fe71f379.css, --color-duck-pink5,#3c0a1a
10128161fe71f379.css, --color-duck-yellow,#ffb400
10128161fe71f379.css, --color-duck-orange,#ff9500
10128161fe71f379.css, --color-duck-blue,#007aff
10128161fe71f379.css, --color-dgray-white,#fff
10128161fe71f379.css, --color-dgray-50,#f7f9fa
10128161fe71f379.css, --color-dgray-100,#f1f4f6
10128161fe71f379.css, --color-dgray-200,#e5e7eb
10128161fe71f379.css, --color-dgray-300,#d1d5db
10128161fe71f379.css, --color-dgray-400,#9ca3af
10128161fe71f379.css, --color-dgray-500,#858d9b
10128161fe71f379.css, --color-dgray-600,#737883
10128161fe71f379.css, --color-dgray-700,#595b63
10128161fe71f379.css, --color-dgray-800,#3e3e41
10128161fe71f379.css, --color-dgray-900,#2d2d2d
10128161fe71f379.css, --color-dgray-black,#000
10128161fe71f379.css, --color-creator,#2992c2
10128161fe71f379.css, --color-official-creator,#b88e9e
10128161fe71f379.css, --color-asker-name,#b4d273
10128161fe71f379.css, --color-char-name,#e5b567
10128161fe71f379.css, --color-char-message,var(--color-yellow-400)
10128161fe71f379.css, --color-user-message,var(--color-blue-300)
10128161fe71f379.css, --color-desc-message,var(--color-dgray-300)
10128161fe71f379.css, --color-memory-bracket,#fd899d
10128161fe71f379.css, --color-background-markdown,#373737
10128161fe71f379.css, --focus-outlineColor,#1f6feb
10128161fe71f379.css, --fgColor-default,#f0f6fc
10128161fe71f379.css, --fgColor-muted,#9198a1
10128161fe71f379.css, --fgColor-accent,#4493f8
10128161fe71f379.css, --fgColor-success,#3fb950
10128161fe71f379.css, --fgColor-attention,#d29922
10128161fe71f379.css, --fgColor-danger,#f85149
10128161fe71f379.css, --fgColor-done,#ab7df8
10128161fe71f379.css, --bgColor-default,#0d1117
10128161fe71f379.css, --bgColor-muted,#151b23
10128161fe71f379.css, --bgColor-neutral-muted,#7d7d7d33
10128161fe71f379.css, --bgColor-attention-muted,#bb800926
10128161fe71f379.css, --borderColor-default,#3d444d
10128161fe71f379.css, --borderColor-muted,#3d444db3
10128161fe71f379.css, --borderColor-neutral-muted,#3d444db3
10128161fe71f379.css, --borderColor-accent-emphasis,#1f6feb
10128161fe71f379.css, --borderColor-success-emphasis,#238636
10128161fe71f379.css, --borderColor-attention-emphasis,#9e6a03
10128161fe71f379.css, --borderColor-danger-emphasis,#da3633
10128161fe71f379.css, --borderColor-done-emphasis,#8957e5
10128161fe71f379.css, --color-prettylights-syntax-comment,#9198a1
10128161fe71f379.css, --color-prettylights-syntax-constant,#79c0ff
10128161fe71f379.css, --color-prettylights-syntax-constant-other-reference-link,#a5d6ff
10128161fe71f379.css, --color-prettylights-syntax-entity,#d2a8ff
10128161fe71f379.css, --color-prettylights-syntax-storage-modifier-import,#f0f6fc
10128161fe71f379.css, --color-prettylights-syntax-entity-tag,#7ee787
10128161fe71f379.css, --color-prettylights-syntax-keyword,#ff7b72
10128161fe71f379.css, --color-prettylights-syntax-string,#a5d6ff
10128161fe71f379.css, --color-prettylights-syntax-variable,#ffa657
10128161fe71f379.css, --color-prettylights-syntax-brackethighlighter-unmatched,#f85149
10128161fe71f379.css, --color-prettylights-syntax-brackethighlighter-angle,#9198a1
10128161fe71f379.css, --color-prettylights-syntax-invalid-illegal-text,#f0f6fc
10128161fe71f379.css, --color-prettylights-syntax-invalid-illegal-bg,#8e1519
10128161fe71f379.css, --color-prettylights-syntax-carriage-return-text,#f0f6fc
10128161fe71f379.css, --color-prettylights-syntax-carriage-return-bg,#b62324
10128161fe71f379.css, --color-prettylights-syntax-string-regexp,#7ee787
10128161fe71f379.css, --color-prettylights-syntax-markup-list,#f2cc60
10128161fe71f379.css, --color-prettylights-syntax-markup-heading,#1f6feb
10128161fe71f379.css, --color-prettylights-syntax-markup-italic,#f0f6fc
10128161fe71f379.css, --color-prettylights-syntax-markup-bold,#f0f6fc
10128161fe71f379.css, --color-prettylights-syntax-markup-deleted-text,#ffdcd7
10128161fe71f379.css, --color-prettylights-syntax-markup-deleted-bg,#67060c
10128161fe71f379.css, --color-prettylights-syntax-markup-inserted-text,#aff5b4
10128161fe71f379.css, --color-prettylights-syntax-markup-inserted-bg,#033a16
10128161fe71f379.css, --color-prettylights-syntax-markup-changed-text,#ffdfb6
10128161fe71f379.css, --color-prettylights-syntax-markup-changed-bg,#5a1e02
10128161fe71f379.css, --color-prettylights-syntax-markup-ignored-text,#f0f6fc
10128161fe71f379.css, --color-prettylights-syntax-markup-ignored-bg,#1158c7
10128161fe71f379.css, --color-prettylights-syntax-meta-diff-range,#d2a8ff
10128161fe71f379.css, --color-prettylights-syntax-sublimelinter-gutter-mark,#3d444d
10128161fe71f379.css, --color-memory-quote,#8b5e00
10128161fe71f379.css, --tw-prose-body,oklch(37.3% .034 259.733)
10128161fe71f379.css, --tw-prose-headings,oklch(21% .034 264.665)
10128161fe71f379.css, --tw-prose-lead,oklch(44.6% .03 256.802)
10128161fe71f379.css, --tw-prose-links,oklch(21% .034 264.665)
10128161fe71f379.css, --tw-prose-bold,oklch(21% .034 264.665)
10128161fe71f379.css, --tw-prose-counters,oklch(55.1% .027 264.364)
10128161fe71f379.css, --tw-prose-bullets,oklch(87.2% .01 258.338)
10128161fe71f379.css, --tw-prose-hr,oklch(92.8% .006 264.531)
10128161fe71f379.css, --tw-prose-quotes,oklch(21% .034 264.665)
10128161fe71f379.css, --tw-prose-quote-borders,oklch(92.8% .006 264.531)
10128161fe71f379.css, --tw-prose-captions,oklch(55.1% .027 264.364)
10128161fe71f379.css, --tw-prose-kbd,oklch(21% .034 264.665)
10128161fe71f379.css, --tw-prose-kbd-shadows,oklab(21% -.00316127 -.0338527/.1)
10128161fe71f379.css, --tw-prose-code,oklch(21% .034 264.665)
10128161fe71f379.css, --tw-prose-pre-code,oklch(92.8% .006 264.531)
10128161fe71f379.css, --tw-prose-pre-bg,oklch(27.8% .033 256.848)
10128161fe71f379.css, --tw-prose-th-borders,oklch(87.2% .01 258.338)
10128161fe71f379.css, --tw-prose-td-borders,oklch(92.8% .006 264.531)
10128161fe71f379.css, --tw-prose-invert-body,oklch(87.2% .01 258.338)
10128161fe71f379.css, --tw-prose-invert-headings,#fff
10128161fe71f379.css, --tw-prose-invert-lead,oklch(70.7% .022 261.325)
10128161fe71f379.css, --tw-prose-invert-links,#fff
10128161fe71f379.css, --tw-prose-invert-bold,#fff
10128161fe71f379.css, --tw-prose-invert-counters,oklch(70.7% .022 261.325)
10128161fe71f379.css, --tw-prose-invert-bullets,oklch(44.6% .03 256.802)
10128161fe71f379.css, --tw-prose-invert-hr,oklch(37.3% .034 259.733)
10128161fe71f379.css, --tw-prose-invert-quotes,oklch(96.7% .003 264.542)
10128161fe71f379.css, --tw-prose-invert-quote-borders,oklch(37.3% .034 259.733)
10128161fe71f379.css, --tw-prose-invert-captions,oklch(70.7% .022 261.325)
10128161fe71f379.css, --tw-prose-invert-kbd,#fff
10128161fe71f379.css, --tw-prose-invert-kbd-shadows,#ffffff1a
10128161fe71f379.css, --tw-prose-invert-code,#fff
10128161fe71f379.css, --tw-prose-invert-pre-code,oklch(87.2% .01 258.338)
10128161fe71f379.css, --tw-prose-invert-pre-bg,#00000080
10128161fe71f379.css, --tw-prose-invert-th-borders,oklch(44.6% .03 256.802)
10128161fe71f379.css, --tw-prose-invert-td-borders,oklch(37.3% .034 259.733)
10128161fe71f379.css, --scrollbar-thumb,#3e3e41
10128161fe71f379.css, --wedding-burgundy,#5c1930
10128161fe71f379.css, --wedding-rose,#b76e79
10128161fe71f379.css, --wedding-gold,#c9a962
10128161fe71f379.css, --wedding-cream,#faf7f2
10128161fe71f379.css, --wedding-blush,#f5e6e8
10128161fe71f379.css, --wedding-deep,#2d0f1a
7c81f1e1351f6790.css, --animate-duration,1s
7c81f1e1351f6790.css, --animate-delay,1s
7c81f1e1351f6790.css, --animate-repeat,1
a7903c3eaaa57eb7.css, --base-size-4,0.25rem
a7903c3eaaa57eb7.css, --base-size-8,0.5rem
a7903c3eaaa57eb7.css, --base-size-16,1rem
a7903c3eaaa57eb7.css, --base-size-24,1.5rem
a7903c3eaaa57eb7.css, --base-size-40,2.5rem
a7903c3eaaa57eb7.css, --base-text-weight-normal,400
a7903c3eaaa57eb7.css, --base-text-weight-medium,500
a7903c3eaaa57eb7.css, --base-text-weight-semibold,600
a7903c3eaaa57eb7.css, --fontStack-monospace,"ui-monospace,SFMono-Regular,SF Mono,Menlo,Consolas,Liberation Mono,monospace"
dd5d352a082118c1.css, --swiper-theme-color,#007aff
dd5d352a082118c1.css, --swiper-preloader-color,#fff
e8fd536eb19fd9c0.css, --swiper-navigation-size,44px
